0,1
sent back a,a
backward aa,aa
retrograde aaa,aaa
upset aas,saa
ab turn,ba
aba brought about,aba
abac over,caba
abay going round,yaba
reversing abas,saba
abba going up,abba
abo backing,oba
reflection abrood,doorba
arising absi,isba
from the east abut,tuba
stuck up ac,ca
serve up acara,araca
acca looking up,acca
going back acce,ecca
backing acrid,dirca
ad rolling,da
reversing ada,ada
adad westbound,dada
adar sent back,rada
adda hauled up,adda
recede addda,addda
looking back adet,teda
adinida northbound,adinida
rise adman,namda
ado going north,oda
ados head over heels,soda
ae reversing,ea
going up aer,rea
aes climbing,sea
from the right aet,tea
going north af,fa
looking up aff,ffa
affa coming up,affa
ag raising,ga
aga arising,aga
going north agag,gaga
on the contrary agama,amaga
rotate agar,raga
keel over agas,saga
spun agenes,senega
revolution aget,tega
agger upwardly mobile,regga
agib up,biga
turns up agla,alga
agnat rolling,tanga
sent up agons,snoga
go west agos,soga
agrom rise,morga
stuck up agust,tsuga
raising ah,ha
in turn aha,aha
ahom turns up,moha
ahs capsized,sha
backfiring aht,tha
ai return,ia
ay sent back,ya
ayah the other way,haya
going back aid,dia
aider reflection,redia
upwardly mobile aiger,regia
aile overturned,elia
stuck up ailed,delia
retiring aim,mia
air retrograde,ria
brought about aira,aria
backed aire,eria
from the east airts,stria
ais flipping,sia
ajaja serve up,ajaja
ajar in turn,raja
ak spun,ka
brought about aka,aka
turn akka,akka
northbound ako,oka
turned al,la
ala flipped,ala
twisted alala,alala
about alap,pala
revolutionary alas,sala
alban bring up,nabla
ale retreating,ela
head over heels alem,mela
alga backing,agla
upside down alif,fila
backward allay,yalla
alle keel over,ella
allium the wrong way,muilla
keel over allo,olla
in turn alma,amla
on the contrary alo,ola
return alod,dola
recede als,sla
alula going north,alula
knock back am,ma
ama retreating,ama
retire amaga,agama
retreating amahs,shama
amal westbound,lama
amapa backed,apama
retire amar,rama
serve up amaroid,diorama
amedeo flipped,oedema
from the bottom amelu,ulema
amen going west,nema
reflection amene,enema
amex cast up,xema
retrograde ami,ima
amic spun,cima
turned amiced,decima
around amil,lima
amir retreating,rima
elevated amis,sima
climbing amla,alma
amma lifted,amma
retrograde amman,namma
ammos flipping,somma
amora the other way,aroma
up amos,soma
set back amrit,tirma
amunam go around,manuma
on the contrary an,na
ana all round,ana
anabas recede,sabana
counter anacara,aracana
anay retreat,yana
return anal,lana
anam going back,mana
back to front anan,nana
set back anana,anana
anasa brought about,asana
cast up anat,tana
skyward ande,edna
aneles overturn,selena
anes counter,sena
anger sent back,regna
anil turned,lina
stuck up anim,mina
put up animal,lamina
animes knock back,semina
animo from the right,omina
anis reversed,sina
anna looking up,anna
annam go north,manna
annat elevated,tanna
annot held up,tonna
lifted annus,sunna
knock over anon,nona
reject ante,etna
spun aob,boa
ap backed,pa
apa going up,apa
apay in retrospect,yapa
rolling apama,amapa
apart held up,trapa
turns up ape,epa
retire aped,depa
apod head over heels,dopa
going north app,ppa
appal brought about,lappa
reverse apus,supa
ar spun,ra
ara lifted,ara
reversing arab,bara
going up araca,acara
recede aracana,anacara
aramis recall,simara
retire arar,rara
arara cast up,arara
arb left,bra
are reverse,era
ares left,sera
aret flip over,tera
rolling arf,fra
on the contrary arg,gra
argas recall,sagra
to the left aria,aira
going west arian,naira
all round aril,lira
reject aryl,lyra
overturned ark,kra
arkab counter,bakra
up aro,ora
aroma backing,amora
arras looking up,sarra
rise arret,terra
arris overturned,sirra
art in retrospect,tra
ascend artamus,sumatra
elevated arts,stra
held up artus,sutra
aru coming back,ura
arum twisted,mura
flip over as,sa
rolling asa,asa
retiring asak,kasa
asana going back,anasa
go north asem,mesa
keel over asor,rosa
assam come up,massa
primarily asses,sessa
at to the left,ta
ata put up,ata
atap turn,pata
atar going up,rata
keel over ate,eta
hauled up atef,feta
sent up ates,seta
ati over,ita
atip come up,pita
come back atis,sita
atlas return,salta
come up atokal,lakota
coming back atom,mota
atta retrospective,atta
westbound atte,etta
raised auget,tegua
auk twisted,kua
auks going up,skua
aulu overturn,ulua
sent back aute,etua
av retreating,va
backed ava,ava
aval go back,lava
raised ave,eva
avid skyward,diva
avis up,siva
lifted avo,ova
uprising aw,wa
all round awa,awa
go back awat,tawa
overturn awm,mwa
backed awol,lowa
revolution axon,noxa
az held up,za
backing b,b
ba on the contrary,ab
stuck up bab,bab
bac going back,cab
bad knock back,dab
capsized bag,gab
send up bah,hab
turning bakra,arkab
knock back bal,lab
bals westbound,slab
sent up bam,mab
ban go back,nab
bank westbound,knab
flip flop bans,snab
looking up bar,rab
bara raising,arab
barb come up,brab
bring up bard,drab
bring up bares,serab
recall barf,frab
barger go around,regrab
go around bas,sab
basan coming back,nasab
raising bat,tab
batik upside down,kitab
westbound bats,stab
baw contrary,wab
bb return,bb
bcd knock back,dcb
bch retrograde,hcb
bd retrospective,db
turnover bed,deb
retiring beef,feeb
beg backfiring,geb
beid up,dieb
bels raised,sleb
ben back to front,neb
reject bens,sneb
ber overturned,reb
bf raising,fb
bi go back,ib
put up bib,bib
raised bid,dib
big flipped,gib
biga returning,agib
flipping bim,mib
bin twisted,nib
bins retiring,snib
in turn bird,drib
bring up birne,enrib
birt going round,trib
northbound bis,sib
bit serve up,tib
uprising bits,stib
bk capsized,kb
round bl,lb
up blay,yalb
blocs backward,scolb
blub turning,bulb
upwardly mobile bm,mb
capsized bn,nb
coming up bo,ob
reverse boa,aob
retire boar,raob
counter bob,bob
bobac retrospective,cabob
from the bottom boc,cob
bod turn,dob
bog around,gob
revolution boh,hob
turning bohor,rohob
elevated boy,yob
flip flop bol,lob
around bom,mob
bon contrary,nob
bring up bonk,knob
recede bons,snob
about boob,boob
brought about bood,doob
brought up bool,loob
bop brought up,pob
brought up bor,rob
borer ascending,rerob
bos in retrospect,sob
bot about,tob
rise bots,stob
retreat bow,wob
bows hauled up,swob
bra capsized,arb
brab knock over,barb
reverse brad,darb
brag going round,garb
bray rear,yarb
braw go north,warb
coming up brey,yerb
rise brev,verb
brought about bro,orb
shown up brog,gorb
bros up,sorb
brut knock back,turb
uprising bruted,deturb
going back bs,sb
bt ascending,tb
bub to the left,bub
bud rotate,dub
climbing bul,lub
bulb recede,blub
westbound bun,nub
flip flop bunk,knub
rise buns,snub
bur around,rub
burd revolution,drub
burg bring up,grub
burt keel over,trub
bus up,sub
but recede,tub
return buts,stub
bv flipping,vb
from the right c,c
lifted ca,ac
upside down cab,bac
backed caba,abac
cabob serve up,bobac
caf from the south,fac
cal left,lac
cam hauled up,mac
go north camus,sumac
reflection cap,pac
rise cares,serac
cars upside down,srac
backing cart,trac
cav come back,vac
come back caw,wac
cc left,cc
cd ascending,dc
retreat ce,ec
cele raised,elec
backtrack ceps,spec
upset cf,fc
cyc hauled up,cyc
westbound cyl,lyc
cima coming back,amic
cir around,ric
circ up,cric
cire up,eric
go west cires,seric
go back cis,sic
cit contrary,tic
recede civ,vic
civic the other way,civic
ck revolution,kc
raised cl,lc
written up clat,talc
cm back to front,mc
going round co,oc
going north cob,boc
cod reversing,doc
written up col,loc
com northbound,moc
uprising cor,roc
corp backed,proc
cos from the east,soc
cp going round,pc
cr returning,rc
cram backing,marc
round cran,narc
retire crap,parc
crc serve up,crc
cric spun,circ
reverse cro,orc
crop back to front,porc
cs reversing,sc
csc flipping,csc
ct recede,tc
uprising cte,etc
ctg going back,gtc
cto counter,otc
go west cu,uc
up cud,duc
brought about cul,luc
come up cure,eruc
cv raising,vc
d reversing,d
da capsized,ad
reflection dab,bad
backed dace,ecad
round dad,dad
revolution dada,adad
round dae,ead
arising daer,read
dag upset,gad
flip flop dags,sgad
dah turn,had
dahs from the bottom,shad
day written up,yad
dairt knock back,triad
backed dal,lad
capsized dam,mad
damon invert,nomad
rotate dan,nad
dao rear,oad
dap backtrack,pad
in turn daps,spad
from the south dar,rad
daraf retreating,farad
darb overturned,brad
put up dard,drad
westbound darg,grad
about dart,trad
climbing darter,retrad
darts all round,strad
das ascending,sad
dat invert,tad
upwardly mobile daud,duad
daw spun,wad
daws from the bottom,swad
db recede,bd
dc turned,cd
dcb northbound,bcd
backward dd,dd
de turnover,ed
going back deb,bed
debut retreat,tubed
decal going back,laced
twisted decap,paced
primarily decart,traced
brought up decima,amiced
turnover decurt,truced
dedal recoil,laded
contrary dedit,tided
come back deed,deed
left deedeed,deedeed
upside down deem,meed
deep ascend,peed
deeps on the contrary,speed
deer revolution,reed
skyward dees,seed
def stuck up,fed
retreat defer,refed
deflow go west,wolfed
deg cast up,ged
degami turns up,imaged
from the right degener,reneged
degged recall,degged
dey twisted,yed
primarily deified,deified
deifier revolution,reified
reverse deil,lied
deys backing,syed
bring up deke,eked
deked counter,deked
del bring up,led
backfiring delaw,waled
going west delbert,trebled
deled from the south,deled
delf return,fled
delia backed,ailed
delian from the right,nailed
delit reflection,tiled
deliver come up,reviled
uprising dels,sled
dem upwardly mobile,med
backed demal,lamed
reversing demit,timed
den reject,ned
come up dene,ened
all round denier,reined
denies raising,seined
back to front denim,mined
retire denned,denned
dennis elevated,sinned
dens come up,sned
going up dep,ped
rotate depa,aped
depoh revolution,hoped
depot going north,toped
depots twisted,stoped
sent back der,red
derah going west,hared
bring up derat,tared
northbound derats,stared
backed derf,fred
contrary dero,ored
derog head over heels,gored
capsized derri,irred
des about,sed
desi coming up,ised
send up desyl,lysed
rise dess,ssed
dessert reverse,tressed
in turn desserts,stressed
elevated det,ted
up detar,rated
deturb around,bruted
deus held up,sued
deval westbound,laved
devas backed,saved
devil written up,lived
deviler retreat,relived
flipping dew,wed
upside down dewal,lawed
northbound dewans,snawed
coming back dewed,dewed
the other way dewer,rewed
dex keel over,xed
skyward dexes,sexed
backfiring dg,gd
brought up di,id
dy head over heels,yd
dia going north,aid
dial go west,laid
going back dialer,relaid
overturn diam,maid
dian all round,naid
raised diaper,repaid
dias overturn,said
left dib,bid
retire dibrom,morbid
upside down did,did
dieb going back,beid
primarily diene,eneid
backed dier,reid
dies arising,seid
diets backward,steid
dif from the south,fid
go back dig,gid
dil turning,lid
over dilo,olid
dilos about,solid
hauled up dim,mid
go around dimit,timid
din turned,nid
keel over dinar,ranid
left dine,enid
diols bring up,sloid
diorama from the south,amaroid
put up dioramas,samaroid
dir hauled up,rid
going north dirca,acrid
dirge turning,egrid
dirt sent back,trid
dirts backfiring,strid
going north dis,sid
knock back dys,syd
disp going round,psid
dit reverse,tid
dits left,stid
contrary diva,avid
reject divid,divid
upside down dl,ld
primarily dlr,rld
up dm,md
dn revolution,nd
do lifted,od
dob going back,bod
to the left doc,cod
round dod,dod
put up doeg,geod
uprising dog,god
doh brought about,hod
counter dol,lod
put up dola,alod
dole primarily,elod
contrary dolos,solod
dols upset,slod
looking back dom,mod
held up don,nod
dons uprising,snod
going west doob,bood
turning dool,lood
doom turned,mood
climbing door,rood
doorba around,abrood
brought up dop,pod
dopa on the contrary,apod
dor reversed,rod
in turn dormin,nimrod
twisted dorp,prod
dorps primarily,sprod
dort contrary,trod
dorter up,retrod
up dos,sod
dot recede,tod
dots rise,stod
dow lifted,wod
doz going round,zod
set back doze,ezod
reject dp,pd
head over heels dpt,tpd
dr sent up,rd
drab turning,bard
rolling drad,dard
overturn drag,gard
retreating dray,yard
in turn drail,liard
draw head over heels,ward
drawer stuck up,reward
draws put up,sward
drey recede,yerd
drib skyward,bird
drof go back,ford
drool up,loord
rear drow,word
drub sent up,burd
ds upset,sd
over dt,td
flip flop dtd,dtd
du reverse,ud
from the bottom duad,daud
reversing dual,laud
dub in retrospect,bud
sent back duc,cud
ducs revolution,scud
climbing dud,dud
the wrong way duel,leud
dug rolling,gud
stuck up dui,iud
going up dum,mud
reverse duo,oud
duos turning,soud
flip flop dup,pud
bring up dups,spud
counter dur,rud
dx hauled up,xd
turns up e,e
retreat ea,ae
ead northbound,dae
eam back,mae
head over heels ean,nae
eat backed,tae
ec return,ce
turns up ecad,dace
upside down ecart,trace
return ecca,acce
ecce from the south,ecce
eciton coming back,notice
ed upset,de
northbound edam,made
backtrack edile,elide
coming up edit,tide
from the east edna,ande
sent back edo,ode
ee counter,ee
back to front eel,lee
eels rear,slee
looking back een,nee
over eer,ree
ef looking back,fe
eg retreating,ge
written up egol,loge
looking up egrid,dirge
eh coming up,he
ey around,ye
eyah turn,haye
revolutionary eye,eye
eyl keel over,lye
contrary eyn,nye
eir rolling,rie
hauled up eyr,rye
come up eire,erie
eke the wrong way,eke
ascend eked,deke
reflection el,le
ela upwardly mobile,ale
flipping elan,nale
arising elaps,spale
elbert contrary,treble
elec shown up,cele
turns up elem,mele
head over heels elfin,nifle
eli retreat,ile
around elia,aile
knock over elide,edile
up elides,sedile
eliot go back,toile
ella retire,alle
elle twisted,elle
flip flop eloah,haole
elod left,dole
elops in retrospect,spole
round elutes,setule
em retiring,me
ascend eme,eme
emes sent back,seme
emil overturn,lime
emim invert,mime
invert emir,rime
reflection emit,time
uprising emits,stime
in turn emong,gnome
emu to the left,ume
en turnover,ne
retrospective enam,mane
capsized enamor,romane
shown up ened,dene
eneid hauled up,diene
enema reverse,amene
send up enew,wene
sent back enid,dine
uprising enif,fine
head over heels enol,lone
primarily enols,slone
enos upset,sone
enow skyward,wone
stuck up enrib,birne
about ense,esne
enserf rolling,fresne
eo westbound,oe
eof rear,foe
about eom,moe
turning eos,soe
ep ascending,pe
flipping epa,ape
epit overturn,tipe
in turn epop,pope
to the left epos,sope
raising eq,qe
turned er,re
about era,are
over eral,lare
over eras,sare
erat overturn,tare
elevated ere,ere
rolling erg,gre
ergate going north,etagre
overturn ergo,ogre
twisted eria,aire
eric head over heels,cire
stuck up erie,eire
eris twisted,sire
eros coming up,sore
flipping eruc,cure
retrospective ervil,livre
upset es,se
ese turning,ese
retiring esne,ense
esrog revolutionary,gorse
esse put up,esse
looking up esu,use
et return,te
eta come back,ate
go back etagre,ergate
etas backing,sate
etc come up,cte
turnover eten,nete
looking back etna,ante
put up eton,note
put up etta,atte
going up etua,aute
eva stuck up,ave
about eval,lave
evan northbound,nave
backed evap,pave
eve cast up,eve
even counter,neve
ever going north,reve
ascending eves,seve
evil rise,live
eviler sent up,relive
evils revolutionary,slive
ew twisted,we
ewe rear,ewe
exul backfiring,luxe
ezan reversing,naze
up ezod,doze
f serve up,f
go west fa,af
fac backing,caf
fan go around,naf
faq coming back,qaf
farad ascending,daraf
fb backfiring,bf
fc from the bottom,cf
turn fcp,pcf
going west fcs,scf
going up fe,ef
fed all round,def
feeb turns up,beef
feel twisted,leef
feer left,reef
put up feif,fief
raised feil,lief
retire fen,nef
fer recall,ref
fet retrospective,tef
flipped feta,atef
few retreat,wef
twisted ff,ff
ffa turn,aff
fi reflection,if
going north fiar,raif
retire fid,dif
fief backing,feif
lifted fiel,leif
fig coming back,gif
fil from the east,lif
fila retreating,alif
fine round,enif
going up fires,serif
rear fl,lf
sent back fled,delf
flew turnover,welf
go back flog,golf
overturn flor,rolf
flow shown up,wolf
fm from the right,mf
fo in retrospect,of
foe reverse,eof
fol sent back,lof
foo retrograde,oof
fool sent up,loof
foots rolling,stoof
retiring ford,drof
go back fp,pf
fr backing,rf
twisted fra,arf
keel over frab,barf
in turn fred,derf
invert fresne,enserf
back to front fro,orf
frt back to front,trf
reject fs,sf
back to front fw,wf
about g,g
ga retrospective,ag
gab coming back,bag
contrary gad,dag
gag serve up,gag
bring up gaga,agag
uprising gaj,jag
revolution gal,lag
invert gals,slag
gam recoil,mag
gan the wrong way,nag
overturned gangan,nagnag
gaps uprising,spag
back to front gar,rag
garb hauled up,brag
go north gard,drag
come back gas,sag
gat looking back,tag
sent up gater,retag
gats retire,stag
looking back gaw,wag
shown up gawgaw,wagwag
gaz round,zag
coming back gd,dg
arising ge,eg
retiring geb,beg
reject ged,deg
geeks rolling,skeeg
gel raising,leg
gelder spun,redleg
gem turning,meg
backing gen,neg
geod looking up,doeg
all round ger,reg
upside down ges,seg
recede get,teg
sent back gets,steg
from the right gib,big
sent up gid,dig
gif rear,fig
gig flipped,gig
gil come up,lig
gim retrograde,mig
flipping gym,myg
gin sent up,nig
retreat gins,snig
ascend gip,pig
brought up gips,spig
giro retreating,orig
girt upset,trig
retrospective girts,strig
send up gis,sig
up git,tig
head over heels gl,lg
gm backing,mg
all round gn,ng
backtrack gnar,rang
come up gnat,tang
gnats ascending,stang
gnaw rolling,wang
lifted gnaws,swang
gnome reverse,emong
gnow back to front,wong
gnu rotate,ung
gnus retreating,sung
go rear,og
gob rotate,bog
retrograde god,dog
from the south gog,gog
gol rear,log
turns up golf,flog
golfer on the contrary,reflog
go north gon,nog
goog retrospective,goog
climbing gor,rog
gorb lifted,brog
backed gored,derog
gorse rear,esrog
gos westbound,sog
got lifted,tog
uprising gov,vog
back to front gp,pg
gpm contrary,mpg
left gr,rg
gra all round,arg
backward grad,darg
northbound gram,marg
gre upset,erg
gres come up,serg
gro in retrospect,org
grub retrograde,burg
overturn grus,surg
gs looking back,sg
gt on the contrary,tg
all round gtc,ctg
stuck up gu,ug
reversing gud,dug
northbound guy,yug
gul flipping,lug
flipping gulp,plug
guls come back,slug
gum come up,mug
head over heels gums,smug
guns on the contrary,snug
gup all round,pug
from the bottom gur,rug
keel over gurt,trug
gut shown up,tug
climbing guts,stug
skyward guv,vug
come back gv,vg
h come up,h
from the bottom ha,ah
backing hab,bah
in retrospect habus,subah
going north had,dah
haes come up,seah
overturn hagigah,hagigah
hah the other way,hah
climbing hahs,shah
hay come back,yah
haya turning,ayah
haye turned,eyah
backing haj,jah
come back hakam,makah
hal retreat,lah
halalah going west,halalah
rolling hales,selah
in turn hallah,hallah
going round hallan,nallah
ham in turn,mah
up haole,eloah
about hap,pah
arising haram,marah
haras spun,sarah
back to front hared,derah
overturned harris,sirrah
up hart,trah
has backward,sah
come up haw,wah
skyward hcb,bch
cast up he,eh
heh serve up,heh
ascend hey,yeh
hep backtrack,peh
backing her,reh
knock back heres,sereh
heuk the other way,kueh
flipping hl,lh
all round hm,mh
going north ho,oh
backward hob,boh
hod cast up,doh
on the contrary hon,noh
hoo back to front,ooh
sent back hoop,pooh
hop recall,poh
hoped backward,depoh
ascend hp,ph
all round hq,qh
from the right hr,rh
hs reflection,sh
retreating hsi,ish
overturn ht,th
hu revolution,uh
huh return,huh
hw turns up,wh
i revolutionary,i
y upwardly mobile,y
ia primarily,ai
looking up ya,ay
yaba lifted,abay
go west yad,day
yah to the left,hay
all round yay,yay
yak retrospective,kay
left yalb,blay
knock over yalla,allay
yam backed,may
yan looking back,nay
flipping yana,anay
yap brought about,pay
go north yapa,apay
yaps reversed,spay
coming up yar,ray
yaray reject,yaray
overturned yarb,bray
backed yard,dray
knock over yas,say
invert yat,tay
going north yaw,way
yaws going north,sway
ib going round,bi
ibo looking back,obi
id going north,di
upwardly mobile yd,dy
ye invert,ey
yed around,dey
cast up yeh,hey
yerb overturned,brey
yerd brought up,drey
overturn yes,sey
knock back yew,wey
upset if,fi
ihi retire,ihi
upwardly mobile ihp,phi
ihs knock over,shi
hauled up ii,ii
iii climbing,iii
flip flop ik,ki
il backward,li
ile written up,eli
im serve up,mi
ym reversed,my
round ima,ami
uprising imaged,degami
imer contrary,remi
come up imi,imi
immi send up,immi
elevated immun,nummi
overturned in,ni
ascending yn,ny
go north ino,oni
around yo,oy
yob reversed,boy
yoho arising,ohoy
yoy come up,yoy
looking back yom,moy
yon overturned,noy
yor round,roy
all round yot,toy
going west yoven,nevoy
go west yow,woy
ires going west,seri
reversing irok,kori
iron put up,nori
reject irred,derri
irs twisted,sri
set back is,si
isba send up,absi
ised rotate,desi
ish from the south,hsi
rear isis,sisi
iso serve up,osi
ist overturn,tsi
it in retrospect,ti
around ita,ati
capsized ital,lati
iten go north,neti
iud sent up,dui
yug westbound,guy
sent back yup,puy
looking up iv,vi
ivan return,navi
left iw,wi
go west ix,xi
j knock over,j
jag reverse,gaj
jah recede,haj
jak coming up,kaj
coming up jar,raj
jat cast up,taj
left k,k
ka turns up,ak
kaes recede,seak
raised kay,yak
kaiak keel over,kaiak
kayak raised,kayak
coming back kaj,jak
return kakkak,kakkak
return kal,lak
going back kan,nak
kanap all round,panak
turn kanat,tanak
kas knock over,sak
rotate kasa,asak
round kassak,kassak
kazak turned,kazak
kb elevated,bk
upset kc,ck
around kcal,lack
kedar rolling,radek
keek recede,keek
backfiring keel,leek
keels retreating,sleek
keep turned,peek
kees retreating,seek
ascend keets,steek
going round kelek,kelek
backfiring ken,nek
counter ki,ik
turning kinnikinnik,kinnikinnik
kip recall,pik
kips returning,spik
upset kitab,batik
klop left,polk
km head over heels,mk
knab in retrospect,bank
knap reflection,pank
overturned knaps,spank
knar northbound,rank
rise knaw,wank
knit lifted,tink
recede knits,stink
knob up,bonk
knot turning,tonk
knots cast up,stonk
recede know,wonk
knows hauled up,swonk
knub coming back,bunk
going back knut,tunk
ko left,ok
kook around,kook
kor serve up,rok
kori over,irok
returning kos,sok
kra up,ark
go back kral,lark
sent back kran,nark
retiring krans,snark
knock back kras,sark
going north krems,smerk
kt knock back,tk
kua retreating,auk
kuar go west,rauk
kueh backtrack,heuk
raising kw,wk
l invert,l
in retrospect la,al
lab twisted,bal
laban knock over,nabal
lac northbound,cal
laced sent up,decal
going back lack,kcal
lad back,dal
turning laded,dedal
flip over ladin,nidal
bring up laen,neal
laet up,teal
bring up lag,gal
lager northbound,regal
coming up lah,hal
laid flipped,dial
raised lair,rial
revolution lak,kal
lakota brought up,atokal
lam retrospective,mal
recede lama,amal
lamas invert,samal
backed lamed,demal
lamina from the right,animal
from the right lana,anal
uprising lanes,senal
lap flipped,pal
about lapel,lepal
sent back lapon,nopal
from the east lappa,appal
raising lare,eral
contrary lares,seral
lark twisted,kral
climbing larum,mural
primarily larus,sural
las from the east,sal
lasso reverse,ossal
lat in turn,tal
spun later,retal
lati ascending,ital
rolling latimer,remital
laton turnover,notal
laud retreat,dual
return lav,val
lava retire,aval
retire lave,eval
laved looking back,deval
from the south lawed,dewal
uprising lb,bl
to the left lc,cl
skyward ld,dl
capsized le,el
lean raised,nael
retrospective leat,tael
going north leben,nebel
led round,del
lee about,eel
the wrong way leef,feel
go west leek,keel
knock back leeks,skeel
leep upside down,peel
leer upset,reel
sent back lees,seel
looking up leet,teel
leets round,steel
rolling leg,gel
spun leger,regel
leif rolling,fiel
leks backed,skel
lemel revolution,lemel
lemmas ascend,sammel
on the contrary leon,noel
lepal backward,lapel
set back leper,repel
revolutionary ler,rel
les brought up,sel
lesson overturned,nossel
let going back,tel
head over heels leud,duel
go west lev,vel
sent up level,level
leveler upwardly mobile,relevel
leven over,nevel
lever elevated,revel
invert levins,snivel
levir from the east,rivel
lf rolling,fl
lg climbing,gl
lh uprising,hl
coming up li,il
liar going back,rail
liard raising,drail
lias flip over,sail
revolution lyc,cyl
all round lid,dil
lye come back,eyl
lied come up,deil
lief recede,feil
invert lien,neil
liever return,reveil
lif return,fil
on the contrary lig,gil
westbound lim,mil
rear lima,amil
backward lime,emil
lin retire,nil
skyward lina,anil
backtrack linus,sunil
lion arising,noil
lip put up,pil
back lira,aril
turning lyra,aryl
hauled up lis,sil
reversed lys,syl
lysed brought up,desyl
lit recede,til
litu go back,util
turnover liv,vil
live about,evil
lived retreating,devil
go back livre,ervil
ll to the left,ll
llew sent back,well
lm in retrospect,ml
ln backed,nl
from the bottom lo,ol
lob upside down,bol
coming back lobo,obol
head over heels loc,col
recoil lod,dol
lof knock over,fol
log put up,gol
head over heels loge,egol
turnover loges,segol
lois return,siol
lone retiring,enol
loob stuck up,bool
lood reject,dool
to the left loof,fool
loom turns up,mool
loons arising,snool
reject loop,pool
loops flip over,spool
turned loord,drool
recede loos,sool
northbound loot,tool
looter looking up,retool
loots over,stool
lop set back,pol
stuck up loren,nerol
lot overturn,tol
go west lotos,sotol
elevated lowa,awol
sent up lp,pl
ls brought up,sl
lub rise,bul
luc coming back,cul
sent up lug,gul
luxe flip flop,exul
lv held up,vl
lwl ascending,lwl
reject lwo,owl
lifted m,m
ma upset,am
maam go back,maam
retrograde mab,bam
mac contrary,cam
macs backfiring,scam
raised mad,dam
madam in turn,madam
the wrong way made,edam
mae reject,eam
contrary maes,seam
sent up mag,gam
coming back mah,ham
come back may,yam
maid looking up,diam
spun makah,hakam
in turn mal,lam
malayalam come up,malayalam
malam return,malam
mallam from the south,mallam
malo cast up,olam
mam knock back,mam
man westbound,nam
about mana,anam
mane retiring,enam
go around manes,senam
head over heels manitu,utinam
coming back manna,annam
manuma backtrack,amunam
mao cast up,oam
map the wrong way,pam
reverse mar,ram
in retrospect marah,haram
marc knock back,cram
come up marcs,scram
coming back marg,gram
marram going up,marram
mart head over heels,tram
marts going west,stram
mas going back,sam
revolution massa,assam
mat invert,tam
mats retrospective,stam
maws flipped,swam
back mb,bm
coming back mc,cm
md spun,dm
me send up,em
backtrack med,dem
retreating meed,deem
turn meer,reem
meet hauled up,teem
meets in retrospect,steem
meg go north,gem
brought about mela,alem
melas set back,salem
counter mele,elem
mem backward,mem
from the bottom mer,rem
turned mes,sem
invert mesa,asem
mesem recall,mesem
met to the left,tem
metas all round,satem
sent up meter,retem
counter mets,stem
mew upside down,wem
written up mf,fm
mg backtrack,gm
overturned mh,hm
uprising mho,ohm
rise mi,im
my reflection,ym
mia reject,aim
mian in retrospect,naim
going back mias,saim
the other way mib,bim
flipping mid,dim
about mig,gim
turning myg,gym
mil revolutionary,lim
mils come up,slim
up mim,mim
come up mym,mym
mime raised,emim
brought up min,nim
mina go back,anim
upset mined,denim
overturn minim,minim
retreating mir,rim
mis rear,sim
mit go back,tim
looking back mk,km
from the bottom ml,lm
flipped mm,mm
raising mmmm,mmmm
mn recoil,nm
cast up mo,om
rise mob,bom
come up moc,com
contrary mod,dom
moe coming back,eom
back to front moha,ahom
moy back to front,yom
mom round,mom
mon sent back,nom
going north mood,doom
mooder retreating,redoom
mool overturn,loom
overturned mools,sloom
moor back,room
reject moos,soom
moot looking up,toom
mop climbing,pom
overturn mor,rom
turned morbid,dibrom
rear morga,agrom
morts ascend,strom
mot retiring,tom
mota back,atom
looking up mows,swom
mp knock over,pm
mpg sent back,gpm
all round mr,rm
ms left,sm
backward mt,tm
mts uprising,stm
brought about mu,um
mud upwardly mobile,dum
mug flipped,gum
going north muilla,allium
mum returning,mum
retire mun,num
munger retrograde,regnum
muns about,snum
overturned mura,arum
mural reversed,larum
round muras,sarum
murdrum reversing,murdrum
mures going up,serum
put up mus,sum
spun mut,tum
muts primarily,stum
mw primarily,wm
sent up mwa,awm
come up n,n
contrary na,an
brought up nab,ban
nabal raised,laban
nabla raising,alban
nad recall,dan
nae send up,ean
nael revolutionary,lean
naf going west,fan
nag held up,gan
in retrospect nagnag,gangan
from the south nagor,rogan
retreat nahor,rohan
from the south nay,yan
lifted nayar,rayan
naid ascending,dian
nailed turns up,delian
raising naim,mian
naira turnover,arian
nak round,kan
nale retrograde,elan
in turn nallah,hallan
nam ascending,man
go north namaz,zaman
round namda,adman
keel over namer,reman
namma all round,amman
nan on the contrary,nan
in retrospect nana,anan
nap invert,pan
revolutionary naps,span
nar twisted,ran
narc contrary,cran
going back narcs,scran
nark set back,kran
flip flop narw,wran
come up nasab,basan
nasus go north,susan
nat arising,tan
go west naut,tuan
nav lifted,van
back to front nave,evan
from the east navi,ivan
navis flip flop,sivan
elevated naw,wan
naze brought about,ezan
nb overturn,bn
nd left,dn
ne retiring,en
westbound neal,laen
back neat,taen
going north neb,ben
nebel recoil,leben
ned rise,den
nedder lifted,redden
nee send up,een
neep go around,peen
neeps going north,speen
in turn neer,reen
turned neet,teen
nef reversing,fen
sent up nefas,safen
reversing neg,gen
neil knock over,lien
nek raising,ken
nema revolution,amen
nemas rear,samen
come back nemo,omen
nep turnover,pen
sent up neper,repen
reflection nerol,loren
net to the left,ten
all round nete,eten
turned neti,iten
nets upside down,sten
neve raising,even
looking up nevel,leven
neven spun,neven
neves uprising,seven
nevo in retrospect,oven
around nevoy,yoven
keel over new,wen
ng flipping,gn
serve up ni,in
retrospective ny,yn
revolution nias,sain
returning nib,bin
ascend nid,din
nidal the other way,ladin
nye reject,eyn
stuck up nifle,elfin
flipped nig,gin
nil spun,lin
ascend nim,min
nimrod knock back,dormin
nip going up,pin
nipas round,sapin
nips recoil,spin
nis written up,sin
nit coming up,tin
niter written up,retin
set back nl,ln
nm rotate,mn
no flipped,on
nob twisted,bon
nod back,don
noel on the contrary,leon
looking up nog,gon
retire noh,hon
noy capsized,yon
noil spun,lion
ascending nolos,solon
nom contrary,mon
coming back nomad,damon
non turned,non
in turn nona,anon
nonet from the east,tenon
recall noon,noon
retiring noop,poon
nopal back,lapon
arising nor,ron
nori overturn,iron
nos going back,son
nossel flip over,lesson
bring up not,ton
notal revolutionary,laton
note shown up,eton
rolling notes,seton
notice elevated,eciton
nov returning,von
now in retrospect,won
noxa ascending,axon
primarily nr,rn
recede ns,sn
arising nt,tn
twisted nu,un
nub around,bun
num lifted,mun
nummi invert,immun
nun reversed,nun
going up nus,sun
overturned nut,tun
nuts written up,stun
o ascend,o
oad ascending,dao
oam westbound,mao
oat backed,tao
ob come back,bo
oba send up,abo
obi elevated,ibo
obmit backfiring,timbo
invert obol,lobo
going up oc,co
westbound ocas,saco
go north od,do
oda revolution,ado
upside down ode,edo
oe left,eo
backtrack oedema,amedeo
knock over of,fo
go west offer,reffo
ofo lifted,ofo
turns up og,go
ogpu around,upgo
raised ogre,ergo
oh going west,ho
ohm going back,mho
go back oho,oho
ohoy back,yoho
ascending ohs,sho
retire oy,yo
ok reversed,ko
going west oka,ako
ol invert,lo
ola cast up,alo
upset olam,malo
olid written up,dilo
retiring olla,allo
om knock back,mo
omen serve up,nemo
flip over omina,animo
retrospective omit,timo
on put up,no
onces reversed,secno
oner skyward,reno
looking back oni,ino
ono rotate,ono
around oof,foo
ooh recede,hoo
oohs reverse,shoo
oooo contrary,oooo
climbing oot,too
revolution op,po
or bring up,ro
ora reverse,aro
orb going north,bro
orc backtrack,cro
upset orcas,sacro
looking back ored,dero
ores retrograde,sero
orf in retrospect,fro
org overturn,gro
put up orig,giro
recall os,so
osi coming back,iso
ossal the wrong way,lasso
brought up ot,to
otc ascend,cto
oto primarily,oto
ottetto capsized,ottetto
otto flipped,otto
otus go north,suto
going round oud,duo
ova come up,avo
turnover oven,nevo
ow brought up,wo
owl ascend,lwo
looking back owt,two
oz upside down,zo
p the wrong way,p
flipping pa,ap
pac upside down,cap
going north paced,decap
pacer flipped,recap
pacs around,scap
pad cast up,dap
raising pah,hap
from the south pay,yap
backtrack pal,lap
uprising pala,alap
uprising paler,relap
from the east palp,plap
capsized pals,slap
westbound pam,map
come back pan,nap
panak come back,kanap
looking back pank,knap
looking up pans,snap
pap backfiring,pap
par return,rap
parc elevated,crap
part cast up,trap
parts flip over,strap
retreat pas,sap
keel over pat,tap
from the bottom pata,atap
pats keel over,stap
pave reverse,evap
paw retreat,wap
paws climbing,swap
pc all round,cp
rotate pcf,fcp
pd retrospective,dp
pe sent back,ep
come back ped,dep
peed retrospective,deep
peek overturn,keep
peel northbound,leep
raising peels,sleep
all round peen,neep
peep upside down,peep
pees retrograde,seep
looking back peeweep,peeweep
peh retrospective,hep
in retrospect pen,nep
pep retreating,pep
from the bottom per,rep
up perp,prep
rolling pes,sep
pets twisted,step
sent up pews,swep
pf looking back,fp
pg upset,gp
invert ph,hp
upwardly mobile phi,ihp
pias return,saip
the other way pig,gip
pik upside down,kip
pil flipping,lip
pin flip flop,nip
pins going back,snip
pip reversed,pip
pir held up,rip
the other way pis,sip
pit coming back,tip
pita raising,atip
pl retreat,lp
spun plap,palp
return plug,gulp
plup spun,pulp
pm written up,mp
po the other way,op
go west pob,bop
pod revolution,dop
poh held up,hop
pol hauled up,lop
polk reject,klop
pols capsized,slop
come up pom,mop
overturn pons,snop
uprising pooh,hoop
poohs spun,shoop
return pool,loop
rear pools,sloop
up poon,noop
poons going west,snoop
elevated poop,poop
westbound poor,roop
poort recede,troop
skyward poot,toop
pop written up,pop
knock back pope,epop
porc send up,crop
come up port,trop
reject ports,strop
pos going round,sop
reverse pot,top
pots go back,stop
serve up pow,wop
pows flip flop,swop
westbound pp,pp
ppa round,app
pps left,spp
pq overturn,qp
arising prat,tarp
prep over,perp
flip over pret,terp
proc returning,corp
prod retrospective,dorp
prp going north,prp
prut cast up,turp
ps going north,sp
psid backward,disp
knock over pst,tsp
pt rotate,tp
upside down ptp,ptp
recede pu,up
pud revolutionary,dup
the wrong way pug,gup
puy rotate,yup
pulp counter,plup
puls ascend,slup
the wrong way puns,snup
sent up pup,pup
arising pupils,slipup
the other way puris,sirup
pus ascending,sup
knock over put,tup
pwt recall,twp
reflection q,q
qaf turned,faq
counter qe,eq
about qh,hq
overturn qp,pq
qs elevated,sq
r back,r
ra cast up,ar
uprising rab,bar
rad ascending,dar
rada turns up,adar
retrograde radar,radar
rear radek,kedar
rag from the south,gar
rolling raga,agar
rages go back,segar
ray knock back,yar
in retrospect rayan,nayar
raif arising,fiar
rail to the left,liar
brought up raj,jar
raja shown up,ajar
rakes up,sekar
backing rakis,sikar
ram about,mar
rama reject,amar
brought about ran,nar
rang turning,gnar
turn ranid,dinar
overturned rank,knar
raob set back,boar
shown up rap,par
raps flip over,spar
flipping rara,arar
ras retreat,sar
rat from the east,tar
rata shown up,atar
counter rated,detar
rater skyward,retar
knock back rats,star
recede rauk,kuar
raw looking up,war
flipped rc,cr
recede rd,dr
re go around,er
rea arising,aer
arising read,daer
knock over reaps,spaer
turns up reb,ber
rebus shown up,suber
rebut brought up,tuber
rebuts turn,stuber
recap keel over,pacer
recaps stuck up,spacer
recart knock over,tracer
turning recit,ticer
red retreating,der
redart counter,trader
reflection redden,nedder
redder upset,redder
redes on the contrary,seder
redia recall,aider
redips coming back,spider
redleg up,gelder
turnover redoom,mooder
redraw bring up,warder
redrawer reject,rewarder
recall ree,eer
reed recall,deer
elevated reef,feer
reeks backward,skeer
reel looking back,leer
reels revolutionary,sleer
going up reem,meer
twisted reen,neer
rees westbound,seer
from the south reet,teer
ref flip flop,fer
brought up refed,defer
refer stuck up,refer
raised reffo,offer
over reflet,telfer
reflog elevated,golfer
cast up reflow,wolfer
reg reject,ger
regal turns up,lager
reversed regel,leger
reverse regga,agger
revolutionary regia,aiger
retreating regna,anger
send up regnum,munger
regrab upside down,barger
reh in turn,her
reid go back,dier
reified turns up,deifier
reifier in retrospect,reifier
reined flipped,denier
reis capsized,sier
reit reverse,tier
reiter backfiring,retier
reives from the bottom,sevier
raised reknit,tinker
go back reknits,stinker
around rel,ler
relaid backfiring,dialer
relap in retrospect,paler
relevel come up,leveler
revolutionary relever,reveler
to the left relit,tiler
looking up relive,eviler
hauled up relived,deviler
reliver recoil,reviler
rem all round,mer
reman northbound,namer
remeet around,teemer
coming back remi,imer
remit lifted,timer
come up remital,latimer
reneged lifted,degener
renner backward,renner
rennet backtrack,tenner
head over heels reno,oner
return rep,per
repaid held up,diaper
repaper arising,repaper
around repel,leper
repen keel over,neper
primarily repins,sniper
sent back report,troper
turned repot,toper
recall rerob,borer
northbound res,ser
overturned ret,ter
retag knock back,gater
recede retal,later
retar going back,rater
retem climbing,meter
retier go around,reiter
retreating retin,niter
retool sent back,looter
retrad looking up,darter
retrod to the left,dorter
retros northbound,sorter
spun rets,ster
retter reflection,retter
rev keel over,ver
round reve,ever
back reveil,liever
brought up revel,lever
reveler going west,relever
rever brought about,rever
reviled return,deliver
recoil reviler,reliver
contrary reviver,reviver
reject rew,wer
reward round,drawer
climbing rewarder,redrawer
rewed about,dewer
rewet overturn,tewer
rf recoil,fr
brought about rg,gr
rh come back,hr
ria climbing,air
rial arising,lair
from the bottom ric,cir
flipped rid,dir
from the right rie,eir
rye around,eyr
brought about rim,mir
rima retrospective,amir
rimas overturned,samir
retreating rime,emir
retrospective rip,pir
turnover rivel,levir
reversing rld,dlr
returning rm,mr
retire rn,nr
all round ro,or
westbound rob,bor
turned robur,rubor
roc turns up,cor
rod westbound,dor
roes round,seor
rog overturned,gor
rogan overturned,nagor
go around rohan,nahor
rohob from the right,bohor
going north roy,yor
rotate rok,kor
retreating rolf,flor
backward rom,mor
the other way romane,enamor
ron going back,nor
skyward rood,door
room lifted,moor
sent back roop,poor
go west rosa,asor
rot held up,tor
bring up rotanev,venator
backward rotator,rotator
rotor revolution,rotor
rots round,stor
retreating rs,sr
back to front rt,tr
going west rub,bur
rubor head over heels,robur
head over heels rud,dur
rug go west,gur
rotate rums,smur
back runs,snur
rus turned,sur
going north rut,tur
s knock over,s
in turn sa,as
saa from the south,aas
westbound sab,bas
turns up saba,abas
the wrong way sabana,anabas
coming up saco,ocas
sacro round,orcas
from the south sad,das
safen revolution,nefas
sag reverse,gas
saga from the right,agas
all round sagas,sagas
northbound sagra,argas
around sah,has
climbing say,yas
upwardly mobile said,dias
sail around,lias
shown up saim,mias
overturn sain,nias
primarily saip,pias
sak backed,kas
knock over sal,las
sala keel over,alas
arising salat,talas
backtrack salem,melas
set back sallets,stellas
reflection salta,atlas
cast up sam,mas
samal round,lamas
samaroid in retrospect,dioramas
come back samas,samas
raised samen,nemas
samir put up,rimas
sammel head over heels,lemmas
sap go around,pas
sapin retrograde,nipas
saps counter,spas
sent up sar,ras
sarah come back,haras
going round sare,eras
sark upwardly mobile,kras
saros turn,soras
coming up sarra,arras
sarum looking back,muras
from the south sarus,suras
reflection sat,tas
sate counter,etas
satem overturned,metas
coming up sav,vas
saved going back,devas
saw retreating,was
sawt go back,twas
sb from the right,bs
backward sc,cs
scam ascending,macs
rotate scap,pacs
scares revolution,seracs
scaw come up,wacs
scf going up,fcs
sclat turned,talcs
retrograde scolb,blocs
scram in turn,marcs
scran spun,narcs
scud returning,ducs
lifted sd,ds
sds flip flop,sds
se from the east,es
come up sea,aes
seah northbound,haes
going round seak,kaes
seam looking back,maes
sebat backed,tabes
secno go west,onces
secret around,terces
counter sed,des
seder turn,redes
go north sedile,elides
from the bottom seed,dees
turns up seek,kees
seeks revolution,skees
raised seel,lees
seep hauled up,pees
seer flip over,rees
sees upwardly mobile,sees
around seg,ges
segar recall,rages
segol to the left,loges
sey from the east,yes
brought about seid,dies
reversing seined,denies
backfiring seit,ties
recoil sekar,rakes
sekos northbound,sokes
reversed sel,les
westbound selah,hales
selahs from the bottom,shales
hauled up selena,aneles
going back selles,selles
invert sem,mes
cast up seme,emes
reversed sememes,sememes
turning semes,semes
semina upside down,animes
sena return,anes
senal returning,lanes
spun senam,manes
senega going north,agenes
raising senit,tines
reflection senones,senones
back to front seor,roes
sep retreat,pes
around ser,res
looking back sera,ares
serab come back,bares
serac looking up,cares
seracs flipped,scares
back seral,lares
seraw westbound,wares
back to front sereh,heres
seres capsized,seres
the other way serg,gres
hauled up seri,ires
going up seric,cires
raising serif,fires
bring up sero,ores
climbing sert,tres
serum recall,mures
raised serves,sevres
from the east sessa,asses
seta come back,ates
return seton,notes
recoil setule,elutes
seve on the contrary,eves
to the left seven,neves
sevier in retrospect,reives
sevres retrospective,serves
sew backward,wes
sexed turn,dexes
sexes turning,sexes
flipped sf,fs
retire sg,gs
sgad ascend,dags
sh elevated,hs
sha revolution,ahs
upset shad,dahs
shah reject,hahs
sent back shahs,shahs
raising shales,selahs
counter shama,amahs
held up shi,ihs
sho sent back,ohs
westbound shoo,oohs
shoop recoil,poohs
sent back shu,uhs
rotate si,is
sia upside down,ais
sib upset,bis
raised sic,cis
sid set back,dis
in turn syd,dys
return syed,deys
rear sier,reis
sig rolling,gis
sikar northbound,rakis
raising sil,lis
the wrong way syl,lys
returning sim,mis
northbound sima,amis
simara counter,aramis
turned sin,nis
sina send up,anis
sinned overturn,dennis
backing sinnet,tennis
northbound siol,lois
sip capsized,pis
sire sent up,eris
flipped siris,siris
about sirra,arris
sirrah brought up,harris
go around sirs,sris
sirup all round,puris
sis raising,sis
sisi backtrack,isis
sit invert,tis
come back sita,atis
siva return,avis
sivan looking up,navis
backward six,xis
skeeg on the contrary,geeks
skeel rotate,leeks
skeer rise,reeks
skees go north,seeks
skeets round,steeks
skel going up,leks
skips raised,spiks
skua spun,auks
contrary sl,ls
written up sla,als
slab looking up,bals
slag from the bottom,gals
go back slap,pals
sleb rolling,bels
sled climbing,dels
slee northbound,eels
left sleek,keels
sleep flip over,peels
backtrack sleeps,speels
in turn sleer,reels
sleets back,steels
backtrack slew,wels
slim backward,mils
slipup coming back,pupils
rolling slit,tils
lifted slive,evils
slod held up,dols
sloid counter,diols
slone going up,enols
sloom retrograde,mools
sloop invert,pools
sloops backed,spools
shown up sloot,tools
slop bring up,pols
upset slug,guls
slup elevated,puls
sm over,ms
turn smart,trams
smerk climbing,krems
go west smug,gums
smur elevated,rums
upside down smuts,stums
turn sn,ns
go west snab,bans
elevated snap,pans
upside down snaps,spans
turns up snark,krans
snaw left,wans
serve up snawed,dewans
snaws contrary,swans
about sneb,bens
sned retrospective,dens
snew revolution,wens
snib capsized,bins
stuck up snig,gins
coming up snip,pins
sniper serve up,repins
snips coming up,spins
snit uprising,tins
snivel brought up,levins
set back snob,bons
snod in turn,dons
snoga climbing,agons
snool brought up,loons
snoop over,poons
snoops looking up,spoons
snoot rotate,toons
retreating snop,pons
retreating snot,tons
written up snow,wons
return snub,buns
backfiring snug,guns
primarily snum,muns
snup spun,puns
snur going west,runs
overturned so,os
sob turn,bos
soc left,cos
sod retrograde,dos
coming back soda,ados
in turn soe,eos
sent up sog,gos
over soga,agos
soyot spun,toyos
westbound sok,kos
sokes up,sekos
solid upside down,dilos
solod retrograde,dolos
solon backfiring,nolos
serve up solos,solos
soma northbound,amos
from the east somma,ammos
from the bottom son,nos
round sone,enos
sool put up,loos
sooloos back to front,sooloos
soom up,moos
bring up sop,pos
sope serve up,epos
soras bring up,saros
sorb going up,bros
raising sore,eros
sorter back to front,retros
brought up sos,sos
knock back sot,tos
sotol going west,lotos
brought up soud,duos
backing sow,wos
backfiring sowt,twos
overturned sp,ps
going north spacer,recaps
reversed spad,daps
reflection spaer,reaps
spag set back,gaps
overturned spay,yaps
westbound spale,elaps
coming back span,naps
capsized spank,knaps
spans turning,snaps
spar go around,raps
coming up spart,traps
spas flipped,saps
spat retreat,taps
arising spec,ceps
speed to the left,deeps
speels going round,sleeps
arising speen,neeps
spider flipped,redips
revolutionary spig,gips
spik backfiring,kips
spiks bring up,skips
spin rotate,nips
revolutionary spins,snips
spirt upset,trips
go west spirts,strips
spit backing,tips
spiv counter,vips
rear spole,elops
spool retreat,loops
spools coming up,sloops
overturn spoons,snoops
come back sports,strops
spot going west,tops
rolling spots,stops
spp serve up,pps
sprat raising,tarps
to the left sprits,stirps
sprod recoil,dorps
sps raising,sps
hauled up spt,tps
spud send up,dups
sput written up,tups
return sq,qs
sr invert,rs
head over heels srac,cars
backed sri,irs
raising sris,sirs
flip over ss,ss
elevated ssed,dess
st revolution,ts
ascend stab,bats
elevated stag,gats
stam from the bottom,mats
stang ascend,gnats
stap retire,pats
go around star,rats
the other way stared,derats
stat around,tats
stats going up,stats
climbing staw,wats
head over heels steek,keets
steeks in retrospect,skeets
steel knock back,leets
steels looking up,sleets
steem send up,meets
steg overturn,gets
steid lifted,diets
stellas counter,sallets
back stem,mets
backing sten,nets
step ascending,pets
ster flip over,rets
stert arising,trets
serve up stets,stets
back stew,wets
stib retiring,bits
stid in turn,dits
in retrospect stime,emits
stink twisted,knits
stinker return,reknits
stirps looking up,sprits
stm raised,mts
stob brought about,bots
climbing stod,dots
skyward stonk,knots
recoil stoof,foots
turns up stool,loots
sent up stoot,toots
come up stop,pots
keel over stoped,depots
brought about stops,spots
contrary stor,rots
coming up stot,tots
retiring stow,wots
stows cast up,swots
stra cast up,arts
rise strad,darts
going up stram,marts
strap back,parts
skyward straw,warts
from the east stressed,desserts
shown up stria,airts
turns up strid,dirts
go around strig,girts
strips overturned,spirts
strom written up,morts
strop retreat,ports
strops ascend,sports
knock back strow,worts
struts go around,sturts
backward stu,uts
stub keel over,buts
stuber shown up,rebuts
about stug,guts
coming back stum,muts
stums reversing,smuts
from the south stun,nuts
sturts in retrospect,struts
reversed stut,tuts
backing su,us
on the contrary sub,bus
subah going up,habus
suber skyward,rebus
succus left,succus
coming up sued,deus
suez retreating,zeus
sugat knock back,tagus
sulu come back,ulus
reversing sum,mus
skyward sumac,camus
recede sumatra,artamus
sun retrograde,nus
sung back to front,gnus
lifted sunil,linus
raised sunna,annus
reflection sup,pus
keel over supa,apus
twisted sur,rus
sural elevated,larus
back to front suras,sarus
surg backing,grus
sus come up,sus
reject susan,nasus
suto bring up,otus
sutra keel over,artus
hauled up sv,vs
from the right sw,ws
ascending swad,daws
sway held up,yaws
rolling swam,maws
swang going back,gnaws
reversed swans,snaws
swap backing,paws
sward backed,draws
swat arising,taws
swep upside down,pews
swob written up,bows
swom in retrospect,mows
swonk raised,knows
swop retrospective,pows
stuck up swot,tows
swots come back,stows
swow climbing,wows
revolution t,t
ta coming up,at
reflection tab,bat
skyward tabes,sebat
tad rotate,dat
go back tae,eat
coming back tael,leat
backfiring taen,neat
tag bring up,gat
rise tagus,sugat
tay climbing,yat
retreating taj,jat
tal reflection,lat
knock over talas,salat
talc coming back,clat
talcs knock back,sclat
tam overturn,mat
written up tan,nat
round tana,anat
backing tanak,kanat
tang looking back,gnat
tanga retiring,agnat
tanna left,annat
rise tao,oat
tap cast up,pat
keel over taps,spat
tar retire,rat
held up tare,erat
recede tared,derat
retreating tarp,prat
returning tarps,sprat
tas turning,sat
tat flipped,tat
rise tats,stat
tav knock back,vat
head over heels taw,wat
reflection tawa,awat
taws northbound,swat
tax left,xat
counter tb,bt
going back tc,ct
td invert,dt
te overturn,et
tea rotate,aet
set back teal,laet
tebbet turning,tebbet
tebet reversed,tebet
go west ted,det
rolling teda,adet
teel coming back,leet
up teem,meet
coming up teemer,remeet
backward teen,neet
teer sent up,reet
overturn teet,teet
reflection tef,fet
in turn teg,get
tega retrograde,aget
tegua going up,auget
from the south tel,let
telfer recall,reflet
come back tem,met
rise ten,net
tenet the wrong way,tenet
tenner retiring,rennet
twisted tennis,sinnet
tennu recoil,unnet
revolutionary tenon,nonet
back to front ter,ret
go west tera,aret
terces ascending,secret
terp back,pret
retiring terra,arret
recall terret,terret
territ serve up,tirret
tew backfiring,wet
coming back tewer,rewet
send up tg,gt
going up tgt,tgt
from the right th,ht
left tha,aht
ti back to front,it
reversed tib,bit
tibbit come back,tibbit
tic returning,cit
ticer all round,recit
turnover tid,dit
tide go around,edit
left tided,dedit
tier brought about,reit
spun ties,seit
send up tig,git
come up til,lit
tiled arising,delit
come up tiler,relit
tils capsized,slit
going back tim,mit
timbo flip flop,obmit
going up time,emit
going round timed,demit
from the south timer,remit
from the bottom timid,dimit
timo going north,omit
all round tin,nit
tines northbound,senit
rotate tink,knit
the wrong way tinker,reknit
from the right tins,snit
coming back tip,pit
return tipe,epit
tipit retrograde,tipit
tips recall,spit
backing tirma,amrit
left tirret,territ
rolling tirrit,tirrit
turn tis,sit
tit turning,tit
tyt looking back,tyt
tiu reversing,uit
tk skyward,kt
tkt upside down,tkt
tm the wrong way,mt
tn go north,nt
on the contrary tnt,tnt
go back to,ot
tob primarily,bot
recall tod,dot
tog head over heels,got
turn toy,yot
in turn toile,eliot
flipping toyos,soyot
reflection tol,lot
tom from the east,mot
ton go west,not
tonk revolution,knot
tonna going back,annot
recall tons,snot
recede too,oot
coming up tool,loot
tools in retrospect,sloot
toom lifted,moot
toons northbound,snoot
from the east toop,poot
toot reject,toot
toots go west,stoot
reverse top,pot
toped reflection,depot
toper elevated,repot
tops round,spot
tor upset,rot
put up tort,trot
tos flip flop,sot
tot send up,tot
tots invert,stot
up tow,wot
tows round,swot
stuck up tp,pt
written up tpd,dpt
tps from the east,spt
tr rise,rt
tra backward,art
go around trac,cart
written up trace,ecart
traced retreat,decart
tracer rotate,recart
brought about trad,dart
going west trader,redart
climbing trah,hart
tram cast up,mart
spun trams,smart
trap held up,part
trapa written up,apart
traps invert,spart
hauled up treble,elbert
trebled contrary,delbert
flipped tres,sert
tressed in turn,dessert
looking back trets,stert
turn trf,frt
reversing triad,dairt
looking back trib,birt
retire trid,dirt
recede trig,girt
trips on the contrary,spirt
turning trod,dort
uprising troop,poort
sent back trop,port
troper go north,report
upside down trot,tort
on the contrary trow,wort
trt raised,trt
serve up trub,burt
truced flipping,decurt
turning trug,gurt
ts coming back,st
tsi over,ist
tsp stuck up,pst
overturned tst,tst
tsuga keel over,agust
bring up tu,ut
tuan from the east,naut
come back tub,but
bring up tuba,abut
tubed backward,debut
tuber reverse,rebut
tug primarily,gut
tum knock back,mut
tun brought about,nut
tunk stuck up,knut
tup upside down,put
tups serve up,sput
tur backward,rut
turb reversed,brut
turp turns up,prut
spun tut,tut
bring up tuts,stut
tv to the left,vt
twas knock back,sawt
two set back,owt
recoil twos,sowt
primarily twp,pwt
txt knock over,txt
reflection u,u
hauled up uc,cu
ud upset,du
ug elevated,gu
held up uh,hu
uhs retiring,shu
uit coming back,tiu
ulema ascend,amelu
twisted ulu,ulu
ulua brought about,aulu
retrospective ululu,ululu
ulus ascend,sulu
upset um,mu
put up ume,emu
primarily umu,umu
un upside down,nu
ung uprising,gnu
unnet twisted,tennu
up skyward,pu
reversed upgo,ogpu
ura about,aru
northbound uru,uru
from the east us,su
use going back,esu
looking back usu,usu
backtrack ut,tu
retrograde util,litu
utinam ascending,manitu
uts westbound,stu
shown up utu,utu
uprising ux,xu
backtrack v,v
va arising,av
sent up vac,cav
val bring up,lav
counter van,nav
revolution vas,sav
vat from the right,tav
shown up vav,vav
go around vb,bv
bring up vc,cv
retrospective vel,lev
venator primarily,rotanev
coming back ver,rev
verb come up,brev
send up vg,gv
vi retrospective,iv
vic back,civ
from the south vil,liv
from the south vips,spiv
raising vl,lv
turns up vog,gov
von head over heels,nov
vs cast up,sv
vt rotate,tv
turnover vug,guv
reversing vv,vv
w rise,w
northbound wa,aw
recede wab,baw
wac upwardly mobile,caw
wacs retrograde,scaw
coming up wad,daw
the other way wag,gaw
wagwag revolutionary,gawgaw
flip over wah,haw
way going back,yaw
sent back waled,delaw
wan going back,naw
retrograde wang,gnaw
wank keel over,knaw
retrograde wans,snaw
wap all round,paw
war coming up,raw
warb raised,braw
come up ward,draw
warder from the right,redraw
retiring wares,seraw
westbound warts,straw
lifted was,saw
wat retreating,taw
wats overturned,staw
stuck up waw,waw
go around we,ew
rise wed,dew
brought up wef,few
backward wey,yew
welf around,flew
well retreating,llew
head over heels wels,slew
turn wem,mew
overturn wen,new
in turn wene,enew
climbing wens,snew
from the east wer,rew
going up wes,sew
wet coming back,tew
wets in turn,stew
wf from the right,fw
westbound wh,hw
wi put up,iw
wk recall,kw
to the left wm,mw
invert wo,ow
return wob,bow
invert wod,dow
woy uprising,yow
wolf go west,flow
wolfed go around,deflow
wolfer recoil,reflow
arising won,now
wone climbing,enow
wong recall,gnow
wonk turnover,know
wons turning,snow
wop ascend,pow
word go west,drow
reject wort,trow
come back worts,strow
round wos,sow
flip flop wot,tow
wots go west,stow
wow twisted,wow
raised wows,swow
wran going up,narw
ws turnover,sw
retreat x,x
xat northbound,tax
brought about xd,dx
xed going north,dex
xema backtrack,amex
left xi,ix
in retrospect xis,six
xix serve up,xix
capsized xu,ux
xx from the east,xx
left xxx,xxx
westbound z,z
za recede,az
zag on the contrary,gaz
zaman backed,namaz
from the right zeus,suez
zo backfiring,oz
zod counter,doz
